generation,bestFit,avgFit,worstFit
1,88.53010317759599,185.59761134871113,293.38881892617275
2,62.79459173922384,142.5876845672028,225.90503805203466
3,53.16504139208689,130.98046509313804,239.83309252452906
4,44.8312301584768,122.29516642244812,227.99908494136105
5,39.257336387299844,114.40969238372746,224.25543286726304
6,35.00704625838759,108.0094754295079,221.42280982922296
7,30.417069585049706,100.02373237835857,213.20651940447942
8,26.808104419206458,94.38871327152025,213.03282956214505
9,24.553931045033213,90.17372374388448,217.71483902452468
10,22.61798589274572,86.17619964881328,214.0326607791423
11,21.121255523472875,80.56501970324226,215.0263597412046
12,19.72602315542337,76.13017687913977,209.34260968156676
13,18.4335830697412,71.69180281875009,207.41226416045035
14,17.422744637854382,68.74359224056893,204.82849214338162
15,16.923654758868725,63.8037043156323,198.26314777175148
16,16.059718640011976,61.620738519047876,196.433614288827
17,15.444158121805506,56.96748876119694,196.811298003497
18,15.132803147339189,56.093524120133274,194.3969521238904
19,14.697352397428428,52.39379938884705,188.40563442784833
20,14.241829213194665,51.87466283296416,198.7623581962069
21,13.936240076211009,49.56331213612156,189.297160256678
22,13.66839209294192,51.25341367957079,196.81534822229756
23,13.32405415043027,45.79812784988901,179.30825769878817
24,13.076169815780473,44.86211983994458,189.84634583644532
25,12.849231167560534,43.62621490108675,177.5862770557169
26,12.711845421821891,44.70657440144941,192.3538632416639
27,12.548642876638322,41.92678479590821,184.6262740578865
28,12.384526992422826,41.27690078178387,180.75057939975918
29,12.071077216493105,40.54740062699359,184.62535281514755
30,11.81380634358467,40.70925170948307,179.8845035129749
31,11.52349981427261,38.5938581867454,174.25060640896268
32,11.356451256423538,39.799100873413025,187.0013042218071
33,11.226081869910661,40.2897432409337,185.88041547122822
34,11.103710401565575,40.11985283860704,184.59655093864822
35,11.013141615112895,40.175236353917974,186.36965257157618
36,10.944062055320497,39.91772672770723,184.81031951226154
37,10.84061497560342,39.13942476150482,179.25311667165363
38,10.70966642278679,39.11884312674172,180.85964858745862
39,10.614770590974949,37.38611457543005,174.7633265952026
40,10.593134853183411,37.903963022560454,180.37269142494577
41,10.530059100831734,36.9711541076811,179.46297011095638
42,10.445259527521129,38.49804812726518,181.86049379059446
43,10.385703474066814,36.571446652943536,183.2187512603114
44,10.330965602524678,38.39463018523875,186.62871264615308
45,10.255562741289962,35.81476825790419,174.17344002813735
46,10.230313410940205,35.69993347024377,178.80430435148185
47,10.203512094602711,36.017178728691455,174.12261523144858
48,10.151449209332126,36.88250975437806,180.87978149254528
49,10.092733805778701,36.20224910537426,177.47060805507206
50,10.068664549912842,36.293285149145056,178.18491766031678
51,10.017081025229993,35.942001953975286,174.36666699649615
52,9.842375678634657,35.69051214407272,172.75706100634673
53,9.61703933110021,39.61782335815016,187.36809010234708
54,9.536077241101596,37.51968442453804,173.75878252021914
55,9.30655684186913,38.04237723283686,177.1004964498724
56,9.238546374409736,36.04577914604991,180.1751280194056
57,8.968042794405624,36.119452161116165,174.26266778876806
58,8.950277391706067,36.46813227466608,178.5051128416528
59,8.89949339496474,34.38095850706587,179.56607205453602
60,8.735975882240194,34.25062954071619,167.48143689139877
61,8.658148822441085,33.40968717104484,178.65503769017084
62,8.639111633096851,32.440616175140796,172.78681696791267
63,8.53216309454019,33.37963834932564,170.23154460673638
64,8.479545564821935,31.330568841500313,172.98091483235078
65,8.365506592754707,31.997953266163528,177.0965115381924
66,8.288059765317518,32.5196960038028,171.63530723390667
67,8.223402735427303,32.30782793690882,175.77534726582914
68,8.15952374157158,32.87627366308191,179.27009404170906
69,8.108437023457244,30.04048168843703,168.45175907120648
70,8.103330942604526,31.74756329802179,171.16858930067804
71,8.093817477293689,30.60595315684193,166.94117955095152
72,8.060372273953783,30.4893751094022,165.72344146312628
73,8.04150433661109,31.50977816667631,169.43430107609493
74,8.030520242591326,31.39411510233848,163.0384805046218
75,8.021131964542766,30.535450851780713,173.1785330755072
76,7.947920905977965,30.399687698956317,170.08795231154986
77,7.942578701927922,32.58023637014707,175.43709206460542
78,7.919037602432483,30.984838138446314,169.87439798517522
79,7.895739955915267,32.48577006102559,169.05866419845376
80,7.893232757682106,33.5862543389896,168.79714153271314
81,7.8871465568914925,33.223248646051495,172.21339172029585
82,7.828586029187198,31.255286498614876,168.152129692581
83,7.8177057603176685,29.581972244033356,163.3611435499207
84,7.767026540810917,30.456862552143097,164.98158616020888
85,7.6358729516449895,30.080819138228524,162.4798150954436
86,7.620896566286788,30.968393212298295,163.95087609712934
87,7.559276110414226,29.42501248654137,159.78970846651384
88,7.541474809084378,30.28708133701588,165.73386442447236
89,7.474557979843452,28.909108365429937,168.56971862640685
90,7.430315085204359,29.01285796299913,167.32391858253985
91,7.322247383437086,28.301667343704217,170.81051373763628
92,7.296093622967949,28.724826081275236,164.91297292740146
93,7.27187011474754,28.23403760360072,165.71717460820145
94,7.247697502800596,28.831216909736277,163.1923488745245
95,7.232079671225913,28.703008403650518,160.38127970254598
96,7.210018246917326,31.803213180164047,171.6042350373132
97,7.152074505366952,29.21730990823268,169.40723545740363
98,7.135666135436359,30.51128750724322,164.44987693155636
99,7.115500300336098,29.777204757301707,162.38170103716547
100,7.101089310756371,31.151128909317347,171.79797658437366
101,7.090366585749762,28.815408424114803,168.19643912188002
102,7.051934654954142,31.138289001650836,174.8032639216309
103,6.891529664045271,28.664896875245475,167.7296058530375
104,6.873017972083038,32.03469764489463,173.43186573608756
105,6.848567160844142,30.78234918002044,163.25575474163003
106,6.8369218871689466,27.663679789968565,166.43853305588564
107,6.812538657764147,29.445252416023553,160.8802158858558
108,6.759052443944954,30.18564541678384,169.73058424218428
109,6.733729059485247,27.888280376412983,165.30912088786073
110,6.725678586749956,28.545528629102858,165.30229015825867
111,6.710159087010466,30.067058772350965,161.70771634206503
112,6.6869579179098535,28.199099555158988,159.62819345385662
113,6.684065837470831,28.481944084679323,158.16241501176813
114,6.681437846792139,27.67520938266993,158.8876477919638
115,6.674595602501242,26.838524011262496,159.93554566738158
116,6.6715055225372755,27.807457264178613,157.958987816252
117,6.669008233894429,27.938586740241927,159.45896624094362
118,6.657495263273988,28.100040582731776,162.51388694964015
119,6.655199472731751,28.96195338978869,161.87986095476873
120,6.647324741461487,26.69277829585813,161.30070563654346
121,6.643754813654876,28.27017203174736,162.79662234717523
122,6.599063772486178,28.803502485590815,155.8982887545575
123,6.53414066083523,27.615054582697894,155.780669837972
124,6.474549634093206,29.265629285714603,158.78793279550237
125,6.46514399208598,28.116568349156402,159.65973874429392
126,6.444144028658196,28.6678775969318,164.0724060806865
127,6.4065736005761,28.178306751244342,161.38678548438625
128,6.402701811955281,28.727671981486463,157.43566883694393
129,6.394467210974958,29.20723148703013,162.88799055100165
130,6.390365928843789,30.30936261156663,159.90157000224502
131,6.381525125672896,27.886867777897525,156.70036042326566
132,6.336430614408358,28.811567715959054,162.6721200070133
133,6.328524649703519,30.261926305000895,157.26020338646146
134,6.30523831914925,29.47894661538376,164.66251275248666
135,6.30320419443344,26.82587656538717,159.07405053273962
136,6.296234717179044,26.342955515579842,157.7990307805981
137,6.277212452177663,25.308386303647225,156.09656975550567
138,6.275557380253571,26.5190632707179,158.12760073757258
139,6.264124152126958,26.670102167939042,156.63320551958785
140,6.238915712760146,27.268792526204372,157.26569619043613
141,6.223596544037441,27.64955222114319,156.52075346121043
142,6.177247716305322,28.658694559430334,153.57397361695868
143,6.1597737049371535,28.383130120343754,152.65769273767503
144,6.117432954429785,26.13211852132536,150.7065318414605
145,6.111979050453658,28.614632675295603,159.8531802209447
146,6.103256823126511,25.121610235641366,154.41294804225885
147,6.099166449418269,28.324947474742455,157.63894727169406
148,6.0980764254120565,27.18256426815855,157.34726728521372
149,6.096394948028464,28.661001552403143,163.551177169846
150,6.0952473072855975,28.879372926707372,163.05578114726504
151,6.076789118665191,29.33328908105593,160.28496257285764
152,6.075765444505145,26.943082884686437,159.233081178651
153,6.0734605348547115,27.9466360200415,151.73845448976044
154,6.0723364991337165,27.197410725901396,157.41497014353345
155,6.040067764343923,25.648171772553237,151.84484031078802
156,6.039394960361863,26.212493051051847,154.41376618065138
157,6.036751310306652,27.808489371130822,153.6936439889431
158,5.931215318953424,27.294923315482574,149.87744118352109
159,5.929596375404543,26.93930026253609,152.4666205439182
160,5.928762654591082,26.254947666423092,157.62579087865242
161,5.926972615006602,27.252311734722987,163.13942014745624
162,5.917773464077234,25.598298501610422,155.20534113675433
163,5.91598873226678,26.434177137651716,150.78996060584763
164,5.895517662841714,26.178530335087956,155.91136736375339
165,5.879362495349597,26.17992535161054,163.5711030929506
166,5.874765113905038,26.026542687391597,154.46143525474204
167,5.865410284875744,25.4944299786819,161.29730562830673
168,5.857385312845078,25.958411758849998,155.8925615844554
169,5.828858933512939,28.102314466615795,160.1421150151754
170,5.747471514570332,25.864349477598637,156.92329345080717
171,5.741553384845029,27.708221120279276,153.18782001913561
172,5.7387036323611555,29.00486819430056,149.56156302799167
173,5.736492164157158,27.65936835133944,151.61219887027693
174,5.735304246241943,26.17059269498215,154.881092028305
175,5.73327856029853,27.371193021481023,156.09919897867215
176,5.732110746773701,28.52213396584657,158.9263920493773
177,5.73038032018144,27.210166614317597,157.15371239863904
178,5.729623635082279,27.799615387061376,158.23382653363663
179,5.72875437328166,27.242296395120665,153.4079057108985
180,5.726885073994302,24.458316807036848,155.51093894751142
181,5.725989041360403,25.906977096320777,146.71641858523492
182,5.724710500098913,26.63159635514213,155.71228498977584
183,5.712989133575661,24.439639888355774,151.50390993071096
184,5.711619224338946,26.019800025897798,155.25687701019422
185,5.7019686794011895,27.84947629104296,152.48605728726525
186,5.692834884696528,26.69422775046358,161.02523431706513
187,5.673498718513118,25.64131255816995,157.01274150690514
188,5.6659218679532835,25.78879612002535,154.66675225276748
189,5.664194192714414,24.642828818363796,156.23759334202856
190,5.656486811625961,25.325704733176007,149.1242962788193
191,5.6551771423616435,23.744583691549547,152.59076950465996
192,5.654065561941335,25.8372428573435,144.4884233565696
193,5.649723028481207,24.139175082130198,149.43376782679667
194,5.646042331840399,26.19334193458441,145.77133016752654
195,5.645260953139551,27.01130117392362,152.30849739312472
196,5.644490935597959,24.974481394010116,148.92660242243016
197,5.642755629372195,26.257817015232984,152.52075694465765
198,5.641417888363861,26.462581666216757,151.33994810770585
199,5.630621159594214,25.656917472941124,150.5338809539032
200,5.596419173798122,25.63266092971818,145.71518362088597
201,5.59239022325609,25.545832524550327,145.20497046229954
202,5.58840039198887,26.252238601838766,153.09536887976557
203,5.587522878786058,25.600597215974986,151.18956021169532
204,5.5856405103042714,24.551702058884302,154.88991441389524
205,5.579667105149294,24.451343231903195,149.6132846736957
206,5.577655519332619,25.939381371541256,153.9699476308057
207,5.57674205825925,26.483007799956606,155.99215036191532
208,5.575988893266824,25.851501890753962,154.33722962616002
209,5.55742729248834,24.962446198406543,155.8770233827865
210,5.556798873133906,25.396253678166257,155.29626872481032
211,5.53301085546247,25.965670499252617,157.08120177855648
212,5.532455372457894,24.177879589465775,150.81915258288083
213,5.484598803943933,24.415744143080993,151.83477364394173
214,5.484012467613665,23.70820697221216,150.23737827106373
215,5.483651695336051,25.256225106683647,140.15630139109706
216,5.483508725020397,23.453647659138557,149.51336029302686
217,5.482538172832794,23.748576809575425,147.01808082916628
218,5.482039661110447,25.354819623105474,150.45739514757685
219,5.472539301864568,24.48209803388722,151.2775380382864
220,5.472193309021036,21.8551998150117,148.4898828454921
221,5.471837056059267,22.481166369557897,147.58549258917037
222,5.467730780847126,23.94432890977951,144.22825719403093
223,5.431360009437781,21.450476297796627,142.41283394108507
224,5.405810235019229,22.632200613005548,139.68161494954887
225,5.40550573082793,22.25534696277792,138.1650550080316
226,5.372163790277662,22.891917438447315,141.88825703854852
227,5.331313644216274,23.535126890617672,144.31604885386486
228,5.320239315747318,24.299400745050193,143.67800999547904
229,5.3032536533704215,22.529150779768408,144.49480491591893
230,5.2896772304832265,22.410603489404092,145.90891491639147
231,5.2790513426787635,22.974016778081698,141.73101884805538
232,5.277686716245717,23.506096657327912,151.45333660960875
233,5.265724753825976,21.820103587729495,145.23409170487102
234,5.233248571540857,24.177718738488554,147.60938063203037
235,5.230957572789885,24.581032875784192,148.14548644508076
236,5.229746088305991,23.99094682772996,145.10929551915288
237,5.208949108442721,23.436273167552372,144.77070496575297
238,5.207989722693014,23.071122028805167,142.10514126008002
239,5.2038112352051655,23.83711963922573,152.3831117812046
240,5.203261052140224,23.11864873484867,145.4078543184024
241,5.202578336289989,22.755352807976905,153.27147859550453
242,5.202197442652429,24.688989461840325,147.21198737981737
243,5.1890381527713485,23.715706953206006,148.0905630111115
244,5.172208201162736,24.34983278176812,145.57030030103624
245,5.138652184813916,24.210491198685123,151.14064390495747
246,5.136217686684901,23.281717817216002,156.99691773482783
247,5.133668053674596,24.61799903659372,146.92281249158037
248,5.126449037664275,24.33716918744997,152.77876945623328
249,5.125724733725394,24.483849522829342,154.0714554131392
250,5.125040930033111,24.986198373174393,147.62881933834072
251,5.124343353300998,25.289076615018686,146.53400821976018
252,5.12372841516641,24.471948120477343,151.09865867169057
253,5.123208250892306,24.212168669991165,145.1361683522261
254,5.122680174977001,24.61720576511634,152.45673628557267
255,5.1222606972090095,23.236714665208403,147.44635484230645
256,5.121892917255437,23.432367593468584,144.47320243651035
257,5.112697263738952,21.327458348034188,135.3153449479538
258,5.112438970372784,21.86629408522077,144.6820858221328
259,5.08932524685899,23.3213635429505,142.34962490184273
260,5.082841536203365,21.384078953343877,143.87406405733606
261,5.059973430810346,21.09893881668484,140.14370875484408
262,5.047246475287792,22.1026424418807,140.79049801710195
263,5.044486831153983,21.588131938882068,141.0739661315917
264,5.044173213513491,22.186926770377266,144.73925182052304
265,5.043790969722167,22.455185940132154,143.3937415422891
266,5.032381555208238,22.54128502927665,148.2067920387949
267,5.0322592141149896,23.368736238115527,142.5415069238006
268,5.0321031349679135,22.796861723069295,140.97708794704434
269,5.027645223922529,23.289360938368034,143.79450042407055
270,5.0275577150881805,21.19627931332146,144.4861505336725
271,5.027332839939995,22.5619189352944,148.9850350575658
272,5.027210031511753,21.525340418942317,139.10692187421907
273,5.018580118161529,20.418894761781008,141.1577081911009
274,5.017353517596235,20.593570030932874,144.58941247019933
275,5.015401803793636,21.440671262135336,145.89379048997802
276,5.015106211096585,19.468062891341514,144.4080832220907
277,5.014785114543097,22.073522873257552,145.8374206388412
278,5.01455506452684,20.00074395081708,140.15170711773462
279,5.013775642513394,23.347433923783896,144.57704374319977
280,5.01333163623311,21.39260577452757,146.580867042345
281,5.013113170569413,20.979173844653666,142.94449724729756
282,5.01270830164733,20.185198599404714,140.8694296570317
283,5.012440350569451,21.35461124068401,152.93811885931103
284,5.012175341925535,22.151664827049526,142.10452713361371
285,5.011612193249162,20.732384707735807,144.17700649103682
286,5.010515824597028,18.52058220142884,136.61965965919705
287,5.00993372416757,21.453349082004866,142.30303798867996
288,4.9873021706403495,19.93717488294315,139.61736663450725
289,4.987161360918974,21.331688707128354,147.624086748218
290,4.9852271009343365,22.7855820526569,142.69140930673066
291,4.985077449335912,21.933162830145637,146.24445498368232
292,4.984935749478022,21.285278302717256,145.89389475969
293,4.984370176013301,22.83798652176813,142.83115949992512
294,4.97997369062336,20.51353468487598,147.35690741502881
295,4.9799113900993115,20.266878941134127,138.52114275016592
296,4.979840826674368,20.30161622255564,139.94936263295554
297,4.9770753477366485,21.404721550402655,142.46549557980876
298,4.976493122879432,19.695079367143716,139.56129803828844
299,4.975967066338696,20.60549275396737,137.6895288939335
300,4.9758125008756275,20.24639108855606,144.60810811215325
301,4.97563125880365,19.068273175999533,138.7391915273134
302,4.975434934520294,18.020766100618037,138.41440282725503
303,4.9752786889896194,17.317351047582463,142.64834869756012
304,4.975182832814125,20.119047162138727,140.99401524699405
305,4.975097658193024,19.46454425055637,140.8148463628126
306,4.97506029409158,19.85287370024715,141.4065895699139
307,4.97504252535071,19.841021521160947,144.55587761298273
308,4.975038678816469,20.31948770197567,137.93067614285567
309,4.975012351675313,19.408418769836235,143.0624607217052
310,4.9749671318838855,20.22145103610276,141.24079381237613
311,4.974931139084554,19.788799588859582,146.9880293535659
312,4.97492628367409,18.96084844782642,135.54726775466517
313,4.9749109352067995,20.182931362640634,135.53254504559632
314,4.9749080483753145,17.960512291420983,145.25169410297585
315,4.974903537454196,19.421233043310757,141.66349424662974
316,4.974895138120418,19.520238638669593,135.40295763691032
317,4.974889651767187,17.41521642005073,136.30225900581507
318,4.9748869570776355,19.592687019643083,144.21916842517084
319,4.974885612565874,19.397543826208867,138.0308714108023
320,4.974885612565874,19.294343776189486,145.63861509766446
321,4.974883902352557,16.641114183912876,133.08686046984437
322,4.974883902352557,19.847068426462474,143.72344669645642
323,4.974883902352557,17.649542494280272,132.47811215893435
324,4.974883902352557,18.807282689306547,141.1930927741236
325,4.974882389684608,20.179209167160003,151.28681692601714
326,4.974882389684608,17.923098274257665,137.8410133134509
327,4.97488132119282,19.646159838634322,144.78744078900598
328,4.974880638295963,19.41729162126692,141.95990015314422
329,4.974880638295963,17.73930283271466,133.75709440342644
330,4.974877641661237,17.72112440812597,135.35029773033008
331,4.974877641661237,18.177231596312634,137.48898057042268
332,4.974876259722015,17.710958776877135,139.80628154678462
333,4.974876259722015,18.54633220233704,138.3642564785394
334,4.9748754790021925,18.555621974197457,141.67908258838597
335,4.974875369006356,17.818845570010538,137.1839313077171
336,4.974875369006356,18.699133543908623,139.82050128953026
337,4.974875369006356,18.388583778937154,142.39722601530082
338,4.974875369006356,17.856495783082146,139.48595222853064
339,4.974875369006356,17.41247623616409,137.29631110627093
340,4.974874162110471,16.557179021757314,135.97908186971088
341,4.974874162110471,15.862509648996475,137.40794687108095
342,4.926054090926337,17.254100513083845,136.50721221665754
343,4.926052540738734,18.86224681384694,144.42609106309507
344,4.9260524198259565,19.289915750423752,141.31160792097702
345,4.916548065938252,17.30622055387573,144.32418142832958
346,4.916548065938252,19.38551876482727,146.46131714701778
347,4.9165469841338165,17.801806771072368,145.764268409082
348,4.915435370667109,18.379038058632414,144.81327378825011
349,4.91527088283637,18.896569685231164,139.2728953966407
350,4.9151207460717945,20.77214073771759,146.20612210149244
351,4.909922785359409,20.421661761090515,142.71469370426277
352,4.9098430489812666,20.441514429153987,140.31547284678916
353,4.909811411249189,17.85941394466997,137.23369155990787
354,4.909811411249189,17.90388311868122,143.3804844153429
355,4.909607146218522,18.198607371221005,133.31878723115594
356,4.909335178333601,18.845940965636444,141.7227383594469
357,4.873113584677406,17.52001736753002,134.07907630629404
358,4.871316064885751,18.498444983483484,142.0557077664255
359,4.867566663079095,17.631284470731053,134.2573549675915
360,4.85941892205752,18.646900570986546,147.4113075813835
361,4.858997511201031,19.821940777706608,140.34038654104177
362,4.854789184181103,18.938511838762427,144.12528738311912
363,4.851357218858002,19.275377787809646,140.50166164742035
364,4.850283295320476,19.74946251700138,138.08234101942213
365,4.839350594846847,19.279297134285923,138.02119801468146
366,4.838937433076808,18.314244624614556,129.9575350199023
367,4.838486583332585,18.005989087320945,135.98825092345535
368,4.837930591763406,19.228139953547664,131.53792849097758
369,4.8371483286699215,18.873438111019603,132.60719525015526
370,4.836686367625615,18.136611673455473,133.2288711382006
371,4.836291794103967,17.38592936416919,128.7925004060349
372,4.83590929783969,17.951334228523184,132.78469770301828
373,4.835499868922496,16.815529197618012,140.41499695553756
374,4.835061787353964,17.724301430459047,134.2157984399178
375,4.8199934791090175,16.766601922718998,136.6467382793354
376,4.80916545926167,17.620011960244824,140.03583107625337
377,4.79578023038817,19.1382685875247,138.65242487539683
378,4.795500173782116,17.881619956817712,131.59391010710547
379,4.79499159964927,17.698554010385656,140.26634462877254
380,4.794075577636536,17.37298950026559,139.68859887719364
381,4.792851643243284,17.673804608629542,141.44819240162536
382,4.791609341042198,18.56522114399987,139.14374157466958
383,4.790887239015009,17.500570777312813,139.95661435955256
384,4.789430099514456,18.556251772408327,144.95277539883043
385,4.78781079445024,19.577449148275086,141.48114162767246
386,4.78636407757332,19.6764348025169,141.5098009285851
387,4.782070580023132,17.264027466710285,138.91838931728407
388,4.780847374216477,16.846157401651556,141.63619935652508
389,4.778555632614744,17.538921639076595,133.8279512450301
390,4.764923872594348,18.292699305395534,141.29830402772177
391,4.764389089207006,18.41581974972155,136.3331408450825
392,4.763403926759681,18.09719908495391,138.28175468596527
393,4.762613221114248,17.760697390017196,140.66677481956737
394,4.740671686696497,17.665728518793227,132.72509436139916
395,4.740002856391163,16.772117212554544,123.70407864502323
396,4.739437924460898,18.356203979995875,137.6277166496607
397,4.735752201900416,17.155124184468825,135.08384337576376
398,4.70247609308675,18.119762837037296,140.5890221215322
399,4.7015537205144025,18.603428249351126,140.03341348902552
400,4.693673080154117,16.864459098825034,141.42825149331767
401,4.6924882930782035,19.227715815703608,144.68419867043434
402,4.69162731490101,17.90851044247796,141.06917328670562
403,4.690600268320229,18.970809856547366,137.319919323966
404,4.689580833827889,16.65770370979351,133.4351668261826
405,4.687876374147149,16.86355068519721,132.21944640344478
406,4.681114462334733,15.189920848110285,135.30758950666046
407,4.679960924482356,16.599700050317566,138.19494045113018
408,4.678953513939599,14.402978781162341,131.61174964265047
409,4.677960413906565,17.601435427048546,142.11791031655335
410,4.667228036545468,16.763657510304792,139.14371229777407
411,4.655578225566175,16.588922296478337,138.2624213774798
412,4.6314491881861395,17.297614279917426,140.68166881332692
413,4.6310496144210775,16.538922997698815,146.72056137200298
414,4.630792399284975,16.812831792918026,138.66260383191477
415,4.6210747172798845,17.182584107836416,139.96594555298827
416,4.619915680390213,17.031566705779078,145.70683646483542
417,4.619113681022954,17.08160348645549,135.46206714954607
418,4.618284779203567,16.707638780562956,139.18066654411632
419,4.6174565239364975,17.83696127116138,138.65714987065303
420,4.616417203915399,15.62040659967315,142.32622975450292
421,4.615478346244793,17.694058159725042,148.14606355706096
422,4.614796519959535,16.36620136060445,142.4609859295
423,4.614323240046673,19.383243258094065,138.86366798508286
424,4.613736333985852,16.630278971485453,136.2266013842132
425,4.612960376656081,17.198632216721865,134.79925006060324
426,4.612523030566547,17.286623683055367,137.12709809711353
427,4.6121120645071345,16.621910519412527,139.78174280406677
428,4.611744075501789,17.90607288106071,137.75219858558708
429,4.6114927990588255,16.2029908183258,141.60347144495486
430,4.6112617508963565,17.546347939780446,139.93877037405392
431,4.611072748660542,16.587057727913905,136.46181061885778
432,4.610980931385044,16.774510365593382,139.55114805664834
433,4.582342645084631,19.3490346997915,143.26482492077017
434,4.577759229949802,17.555137548395603,135.61799461823327
435,4.577607669932068,18.223199282952756,141.97243904478393
436,4.577485873884203,15.717317406438662,133.4590323567006
437,4.577368760766153,16.450479988792146,136.287734618485
438,4.552976568773478,15.222389895290686,135.45015227508492
439,4.552895157563523,15.433389352532078,133.9928055133383
440,4.552833003429794,16.986435887100438,131.84769009535697
441,4.552787708271974,15.640995049781669,138.98587309338976
442,4.552618866481024,15.102816088534723,129.10913237702738
443,4.55232331314102,14.778622721642394,139.02262238790362
444,4.552050867400954,15.312009474320785,135.19880878740375
445,4.551805499386674,16.48169401233262,147.95951847826962
446,4.55161955440973,16.8448634471475,140.9061109864477
447,4.551279496928094,17.086727732929372,137.19114291796828
448,4.551037693169886,16.537971350228272,138.4116945504873
449,4.550674269642499,15.656423991344605,138.90763615542073
450,4.5504184260585125,16.422475962004185,135.03970565985412
451,4.550157657756715,15.699207829677379,139.27957152164106
452,4.549980368432463,16.45471866594297,138.10719993790613
453,4.548709648225729,16.822957442249713,134.00925200151
454,4.548445585590659,15.257798897499601,135.49074956379906
455,4.548139475053932,16.613129736552718,141.4357288188523
456,4.547931598603137,15.365704679054115,135.99471658330665
457,4.547551779535698,16.27855933749139,133.6316017457058
458,4.5472265642544265,15.456846242389293,132.57127748228334
459,4.546876948143634,15.679116371394679,131.26336757896513
460,4.546675301889035,14.59510600232518,131.67062504161493
461,4.546512025220391,15.470673497927294,132.71695497821972
462,4.546209913440287,16.792855189198885,140.71503145021163
463,4.5461460357965215,16.398330860797373,138.146287080513
464,4.5460329343572,16.825989414187,128.63810215618807
465,4.545931865487865,16.41235051220896,139.08832062733
466,4.545875376388579,15.77835078612889,130.59108907168613
467,4.545873505205491,15.768515254542734,138.40979294676154
468,4.545873505205491,15.741947642618658,135.731106560311
469,4.545873505205491,17.173765244409058,139.4759690419776
470,4.535171901640824,16.99804401488458,129.30105105045402
471,4.535044730082195,17.349916235893648,135.70293377802236
472,4.534866795471846,15.724989133219026,130.22121196530088
473,4.534724148863189,16.546594325082932,134.9834483053218
474,4.534528608665896,17.144327553861967,131.06456669183913
475,4.53440123322228,16.753101264115987,138.196905384236
476,4.534190570903948,16.478484711724143,138.93351044876212
477,4.534022644112424,15.47058218383732,135.80796152980642
478,4.53225143310214,17.060109639763105,136.03806270605608
479,4.532053746348281,15.544867215782771,137.10032707145854
480,4.532053746348281,14.834172006011174,132.61930842680394
481,4.528872040947737,15.166611178553724,128.43374993468336
482,4.521630051285314,15.87125926736848,130.37875716214393
483,4.521520749394808,13.04636285875276,135.1334442826979
484,4.518961926660493,14.609242567348668,127.03193224641058
485,4.518911623929652,15.74763279973442,137.5844625623689
486,4.518859589136977,16.378017368290198,135.29116884578988
487,4.518164558928478,17.621551077648753,134.7014791449615
488,4.517639606679825,17.167059788834255,135.11251641653027
489,4.517398387859904,16.899814886495605,142.11056358896445
490,4.516711518089463,16.53345139264189,135.11365917863412
491,4.516490512890562,16.37127596612084,131.17813723465
492,4.516089735530515,14.880596083719047,130.17075000061251
493,4.515822229998023,15.56155282451224,139.3968036255506
494,4.515585250694071,15.720209287456976,143.7802967205964
495,4.515451738467467,17.650044990404187,138.18199163441403
496,4.515317460355223,15.03190859646811,137.83974070852727
497,4.515221010177857,16.24013823391292,136.18533105289322
498,4.515168441321682,14.718452538095402,137.42655544363433
499,4.51516363388346,17.35292709208894,125.56810630438619
500,4.515163058095613,17.56971008512157,143.80322585546975
501,4.515108056166286,16.524531150630736,139.49336506391643
502,4.51485277941685,17.66982576596287,141.2843968285454
503,4.514459353059485,15.98962137453083,134.23314861277856
504,4.51076843406137,15.589471731470068,136.22554500120972
505,4.4879207475523,16.107972863009955,136.6086568045184
506,4.4544143843392305,16.25401484583611,137.45261187885245
507,4.453551357479791,14.688964250020662,126.64722320068189
508,4.451701449968509,15.346855202972801,129.95716393541264
509,4.450869636834915,16.564185630144053,129.823728223743
510,4.4501340607145625,15.386853814232094,135.87783272690734
511,4.449242392670792,15.902879560678103,135.1385064738216
512,4.448675302255181,14.911802196820899,139.8554330792696
513,4.448311357449703,16.334614712112554,140.4233093155039
514,4.447874734988633,15.590653745305035,131.17592801734446
515,4.44757503821801,15.315135624980856,131.97061419300658
516,4.447282907911191,16.34350879079342,131.90076972524454
517,4.447039716358128,13.514593621421605,128.8809329756168
518,4.446396361385464,13.526105939667092,132.43301035445262
519,4.4462055407478625,15.647135159129595,135.23740079512453
520,4.445922561575638,15.522718067642739,131.28350246297595
521,4.445790680894763,15.529074623741668,139.57333157551724
522,4.445676277137188,15.150088577455987,128.713861466755
523,4.445580720309658,14.552728242988406,132.1026056255796
524,4.445456581331502,15.464822430125812,131.3862042178255
525,4.445372742281605,14.969495916847384,133.27445467527176
526,4.445331286734128,15.141496510925897,131.70868910867722
527,4.445268908868467,14.957492354886249,133.2740308518931
528,4.444983638164572,14.220968250865793,133.35270046135045
529,4.444940444237675,14.876339231842573,135.9843250366802
530,4.4448328380550866,15.226783573171765,141.0544660777223
531,4.444686055296294,13.526534810890698,136.41930677538366
532,4.444547318437314,14.64233959536497,138.54155325146579
533,4.444457403266545,15.356580045479726,138.68613550409162
534,4.4443989653189275,15.463297495106982,137.24072699938216
535,4.44435900937362,15.866746013940595,139.41687394692696
536,4.44433066469782,16.192833931096978,140.0814914179954
537,4.44431055966253,15.602563525196086,130.9153833288537
538,4.4442785327171865,14.423365665682786,137.759270798722
539,4.444272630463834,15.336140367325761,127.96666425533097
540,4.444250851333047,15.93125671102715,130.8942442674336
541,4.4442493866585515,14.736044638064971,135.1667374511548
542,4.444227137949182,15.581111674070963,129.8010224226961
543,4.444227137949182,13.549637008320305,132.75495963985125
544,4.444225308374551,13.91858356651885,124.93097562098929
545,4.444224791159697,14.057859470285559,133.1128655123117
546,4.444224791159697,14.43289590174743,135.27635889941513
547,4.44422442899241,15.049405073553292,131.72841549659773
548,4.4442231751310315,15.342204585691677,127.38147163780893
549,4.412944719630125,14.828628917975587,132.05767526931726
550,4.412881815420234,16.08885605085558,127.87889327695562
551,4.412881815420234,14.224282991294904,127.36809316711388
552,4.412603851565069,14.985227208767549,119.80279996467071
553,4.4125123583308,14.287968152387291,126.72718214614535
554,4.4111374801933145,14.51474135557436,123.94452995284351
555,4.411115784233171,13.705805122531277,130.89875129946412
556,4.411082111140044,13.000329620093481,126.78850363180057
557,4.411082111140044,15.061295269974512,136.15319203764227
558,4.411071577266784,14.709772578390824,140.39516201017054
559,4.41106361045716,14.301904245298273,129.73311794516474
560,4.41106361045716,14.619018354102565,125.71034420012909
561,4.411063389307369,14.844911312800617,125.22134494741267
562,4.411062510068187,14.343569301878087,123.22121520109398
563,4.411062510068187,15.638096599392735,125.35690415069026
564,4.411062510068187,14.134175824084341,130.47276479816864
565,4.411062510068187,14.496004941127847,129.14694205219573
566,4.41105795388446,15.108751626981201,135.29057225138723
567,4.411057226442103,13.480904713430991,132.9856850743229
568,4.411057226442103,14.843445012790474,129.1008952798822
569,4.4110564111369435,14.407381701442723,127.23508039990588
570,4.4110564111369435,13.351499658839487,127.55206634777227
571,4.4110564111369435,13.060788668467174,118.36701992571415
572,4.4110564111369435,13.972406307415849,129.47439121294167
573,4.4110564111369435,16.000498175728,125.0397951420181
574,4.4110564111369435,13.883241472028162,129.7738034556328
575,4.4110564111369435,12.828435443757764,116.6054253624669
576,4.4110564111369435,13.98934717297706,126.79230512875903
577,4.4110564111369435,12.670413976027271,123.56143835941542
578,4.4110564111369435,13.961928773915512,125.32755113914872
579,4.4110564111369435,13.061807054092839,125.62073119409328
580,4.384547462478503,13.903735775040348,125.32183805184867
581,4.384546784157626,14.115032447125552,124.32335337669141
582,4.384546784157626,12.958344421651733,117.99987443908253
583,4.384546784157626,14.203929000577373,127.80626340479007
584,4.384546784157626,14.14958038512114,122.6151310509085
585,4.384546784157626,14.393373051238672,129.2079868864824
586,4.380199777074413,16.951773446827083,125.7313977911368
587,4.380199777074413,15.590362410108554,125.8895105010949
588,4.380161756992066,16.098690577946783,132.75765090024888
589,4.3798252221302185,14.305643882420084,124.77218837066887
590,4.37842144179306,14.760897819212564,130.66181299280117
591,4.37842144179306,16.242432064419624,130.16764781524344
592,4.345697654352956,15.594709156835684,127.44025215404693
593,4.345652134121187,16.615753474789805,136.54598169117799
594,4.345624453727321,15.351017041865225,131.96779964325867
595,4.345087779828802,15.83764042166038,131.54959321815346
596,4.345023375909352,15.460973075113998,133.45562778788974
597,4.3448111964511344,14.501910241036517,131.75809108478364
598,4.344804233583441,15.181969987721947,131.20466760032008
599,4.344789200805214,14.392153691851563,131.6115028861349
600,4.344762511034893,14.82682596439739,130.38814890180387
601,4.344745625543226,14.552163144199588,125.04221501174922
602,4.344735782081118,14.561542418699315,126.36715489773306
603,4.344735782081118,15.156205142423033,126.60071322916556
604,4.344735381185808,16.179523859608647,126.12451402101632
605,4.344735246565518,17.08101427335881,128.2470500619312
606,4.3447334673804985,16.578418883341545,128.47079930129942
607,4.343113682195457,15.842485331314823,120.1537345604533
608,4.312656086564002,16.470067233770827,125.20064335508862
609,4.312656086564002,15.125712905271275,124.16946919137803
610,4.312541361048523,15.216924671962197,128.52697913383048
611,4.312541361048523,14.356362888845736,124.17405875608863
612,4.3124339463023045,15.560023282237017,124.51550996043827
613,4.312106425730775,14.946076675524843,120.73555108527118
614,4.311809914636018,15.024317610152723,129.59177660497838
615,4.311790484904233,15.106460448313218,118.90908483321988
616,4.3117179232382545,15.444701312261419,130.5917837473692
617,4.311673392663959,13.8647030043218,123.17012706200663
618,4.311639700601101,15.261851224410863,128.23362599781532
619,4.31161882823866,15.611249104695878,132.97224916379793
620,4.311612686307013,13.959717987572294,128.8785102429186
621,4.309147403102943,15.35758624301386,123.31819330648277
622,4.293311851502993,14.804586972283452,123.73352499028199
623,4.293306322628131,16.516551048529145,134.06669885917464
624,4.293303330571578,17.50643398734082,129.14486363929362
625,4.293300629756724,15.335959295694034,124.97529832842166
626,4.293292194599092,17.24233609265801,123.57411367932653
627,4.293292194599092,15.344887327839283,121.21126128864029
628,4.293291958506114,15.612683760320552,128.58982754662463
629,4.2419714876777,14.942326233489574,120.75973632051709
630,4.216508401553856,16.233328354942238,128.17716435655507
631,4.216508401553856,16.38032879974613,125.53663456403758
632,4.216507794610376,15.623158531529732,121.00963493555948
633,4.195313156220863,16.279669890893125,125.24868602639516
634,4.184329568388185,16.15718750040569,129.60662690487598
635,4.183858990326937,16.16723768369773,124.5687788417536
636,4.1835638999124685,16.173005690872806,128.56935892101376
637,4.183277133018006,16.847512940667407,129.01763155225518
638,4.14938341142789,15.930659352484387,126.32053385979978
639,4.14938341142789,15.473724105272067,128.04359049378147
640,4.148602471888794,15.753900346753673,120.7779250278004
641,4.148156092569239,16.783600602602846,129.23003987160982
642,4.137100997382302,15.703234004066186,129.36567914292095
643,4.136514798224027,14.138966300415824,124.86345344975402
644,4.135817553953994,16.46598142168013,125.48546145733556
645,4.135206235473214,14.724884488817512,127.186092515135
646,4.134412390915995,16.820271427680883,129.21150242940524
647,4.133678812665252,16.9936775154742,131.03035245775374
648,4.128719065533563,16.35033995235465,128.92724058492902
649,4.128039956481576,14.929498139206379,125.60686808256405
650,4.1266995787189185,14.904989375460557,133.77635715519153
651,4.126461299135983,15.774719804773444,134.57171814427136
652,4.126082272620095,16.09325100811629,126.76921401572446
653,4.125766420497703,17.40849802242677,134.24699847627795
654,4.125515054324555,14.889637329416333,127.24382767474142
655,4.1251351341959195,15.79784047770074,131.0793750489206
656,4.124959581702929,15.019553573685522,133.1656870648921
657,4.124820950556825,16.602949548579527,127.69583557511368
658,4.124665569797421,15.106337643744329,130.8419316362912
659,4.124581084718768,15.821645055198667,128.94708117665735
660,4.124524291322846,15.889632660849166,128.53431079258684
661,4.124507450732342,15.554210494717958,127.32757541912456
662,4.124491882833597,16.763450224632773,125.17734044414279
663,4.124331343816878,15.433192629308545,132.67259224876355
664,4.124151082665152,14.634087892735046,128.0199774361619
665,4.123966134735708,14.282576332015806,123.49969299354528
666,4.123771963285285,15.00169701970896,122.5923481987992
667,4.123600495468017,14.763927328522954,126.87151063187895
668,4.123433439888162,15.612481856567767,129.72378848203667
669,4.123239848686697,16.14228745771243,126.37993908071762
670,4.122604926967284,15.93981200801824,126.4155461733433
671,4.122423560223202,14.984965617268083,120.0903548906156
672,4.1223245170380585,15.151877553907987,123.71043075118274
673,4.122275057120561,16.71060817015458,132.67400725729107
674,4.122217269340323,16.332975485096085,135.06609827377412
675,4.122170810936756,15.762578876343193,130.41048827296032
676,4.121044683538633,18.151056730806992,142.500858425672
677,4.120680876256966,16.127182866365562,131.3746449436081
678,4.120367939028655,16.702405799992118,130.55389266144894
679,4.113316413874625,16.25609556397611,134.2457959227383
680,4.113306935010212,17.72781103255306,133.7061358740759
681,4.1132254511160875,15.536035045035057,132.07037941647653
682,4.11292070681174,16.85965398087759,131.32076916630055
683,4.112833144916907,15.314561598527598,131.78161491278127
684,4.112741270989426,14.377637906686216,128.70161865150038
685,4.1126813736944685,17.393901758760595,126.19830895778156
686,4.112643393670085,18.162171745776774,130.07879436249385
687,4.11261835469631,16.413727285653366,119.4854054766684
688,4.112605992161005,16.497272287081113,125.48513765658332
689,4.112592464650725,14.802191967058144,117.70770547469083
690,4.1125903455873685,15.896996416859592,120.41470069653899
691,4.1125792830447585,15.619040018213315,119.06179410867604
692,4.1125786759032135,15.678369595551247,124.16587876938667
693,4.1125786759032135,17.65504051096821,122.76419613929494
694,4.1125786759032135,16.25844738954602,122.1613402594373
695,4.1125786759032135,16.14974594403636,130.46498140947122
696,4.1125786759032135,14.450960676171121,123.34621213134461
697,4.1125786759032135,15.371881402191127,123.09132510804633
698,4.1125786759032135,15.688886733881981,118.7928835488501
699,4.1125786759032135,15.712592016026795,124.28958669252762
700,4.1125786759032135,16.443832661929825,127.83936598343854
701,4.11257715163321,16.302174136986515,127.13600461581258
702,4.112574973247805,14.609850080046918,129.61698129177634
703,4.112574136321045,15.035405613221672,123.24900256859034
704,4.112574136321045,17.640452975308012,124.11732434746725
705,4.112574136321045,16.361446244411304,129.24868271082917
706,4.112574136321045,15.860571049247332,127.99807938308146
707,4.112574136321045,15.249689222468897,132.6106162955956
708,4.112574074959716,13.617301315951199,122.05062407892841
709,4.112574074959716,14.977984338033723,125.60333122325542
710,4.112570003323205,12.726732903808436,116.43910261242223
711,4.112570003323205,13.776404438104079,122.13334895255083
712,4.112568314674251,15.047380016106581,121.64370050102555
713,4.112568314674251,15.29374579733368,124.36094955885089
714,4.112568056477426,15.109467683288091,126.6169821692168
715,4.112567590382215,13.848757393375722,112.11689805835898
716,4.112566271046672,12.565846401605738,114.9223124095998
717,4.112566271046672,14.277778796479181,112.72230816438095
718,4.11256485600962,13.504931661131716,120.62668954602033
719,4.11256485600962,14.63041530685389,120.17185460314698
720,4.11256485600962,15.179868741402851,127.4212899794092
721,4.11256485600962,15.276321361787158,126.10799190152161
722,4.11256485600962,15.270669460732957,125.15164836424854
723,4.11256485600962,13.989819550703707,122.88356854918902
724,4.0794140512024075,15.442469805372637,128.41209192800073
725,4.0794140512024075,15.747563980648412,134.33859891549122
726,4.0794140512024075,15.37610332297544,129.5038317435531
727,4.0794140512024075,13.821857338789993,126.43207361487157
728,4.079413158119464,14.826860367645457,130.17670979296744
729,4.079413158119464,15.31076015602369,129.18520997695597
730,4.079413158119464,15.015064371887593,123.07148720993692
731,4.079413158119464,14.310817065065065,122.77943050049028
732,4.07940860970964,14.684314620206482,123.66210533431895
733,4.079400914660701,15.550991060222996,127.24705804973836
734,4.079400914660701,15.981239378942877,125.32166998380532
735,4.079400914660701,16.252417572408238,124.70440939839142
736,4.079400914660701,16.542561807957423,130.13713988952605
737,4.079400914660701,16.335899239771305,128.0283056331853
738,4.046636874922529,16.27038338565151,131.38791322322638
739,4.046636874922529,16.542197032064795,136.12230657134563
740,4.046596091752621,17.29068066721426,127.55713430942491
741,4.046596091752621,15.732739876910127,129.52824806215108
742,4.046584324475968,14.569787738003178,127.59051434477642
743,4.046486798364179,15.785387162357619,126.50617460718917
744,4.046434781909727,15.359482739416421,122.1874705353801
745,4.046427398199469,14.910929736943679,120.57921341608021
746,4.046427398199469,15.167400885445321,123.72709440106125
747,4.046332419975697,13.792783115751178,121.76935769237984
748,4.046331981491742,15.592089574974844,117.82324707005033
749,4.046327896405249,15.84017657827111,125.37142208882845
750,4.046327896405249,17.60050232643803,124.32446822490208
751,4.046296632069166,15.72739550287064,132.44907232522453
752,4.0462678960596925,14.703793814911576,127.05973063387404
753,4.0462611401539625,14.681989729499547,123.40467488720513
754,4.0462611401539625,17.06434217228495,136.50209756631904
755,4.046250174665871,14.159496290499169,120.79100050788703
756,4.046250109046441,15.408593275152361,123.677860049457
757,4.046250109046441,14.759576731130435,112.66014609582862
758,4.046244744672623,14.988464121248247,127.0801839478841
759,4.046240425232811,14.07722679498702,120.63387870751309
760,4.046240372306212,14.194489029374557,123.45439858018545
761,4.040921185433684,15.133983089900273,119.25393226662337
762,4.007971718659066,16.45119029682585,125.1334411419723
763,4.007828273600966,15.594697907528836,124.78380106875908
764,4.007828273600966,15.611751883138176,122.61642574245133
765,4.00777715657132,14.711955682640248,123.5901231082343
766,3.991811647367115,15.363460707669645,128.01190666613067
767,3.990847161621744,14.570260132938655,116.16171098838558
768,3.989488706260001,14.927503311003251,123.45332388802676
769,3.989161132673357,15.466053262119395,114.58318496733506
770,3.9885971880013207,14.923023441362611,120.06207712045358
771,3.988104612677816,13.81250162419055,116.02750034766086
772,3.9877245825579206,14.454523201634261,129.17617455766222
773,3.9873964957891777,14.54319649344622,121.92114871727419
774,3.987028653328795,14.745576611091009,117.24055237480765
775,3.9863527460700414,13.662579571592842,120.18555263392277
776,3.986173554407073,16.305748690745748,121.6163788385917
777,3.9856759605174052,15.07227790506617,119.6263362575946
778,3.985196574613324,15.230471838053386,128.29816531736276
779,3.9851172124123138,14.278198121385344,125.33385654708226
780,3.984161010448297,15.688429309999162,119.9546609662485
781,3.984161010448297,15.098708766304695,113.51395126178501
782,3.984161010448297,14.637757574460268,123.20071135403047
783,3.9835318475371526,16.46800980917128,116.75334347249972
784,3.9831418754609036,14.726149520301204,117.61583745153426
785,3.983046505623841,14.700863596844547,121.37388580203877
786,3.982814011521176,14.671459471020313,113.02395315112086
787,3.9825528379739494,13.161756324481331,116.25527272926851
788,3.982299745602679,13.6208814625855,112.94288594451369
789,3.9604781862298455,14.75301123534595,122.37885876296421
790,3.960315480148963,14.254185773807844,118.33067493840632
791,3.960206637656979,15.037159954952125,119.30181621688747
792,3.9601011456486037,13.79887970345597,119.29419416508155
793,3.9600398585749645,14.535669676531931,124.45196410546123
794,3.932706327288463,14.23123341938659,123.55591695784636
795,3.9069149176006914,13.767121024638124,123.66468477241433
796,3.8805569609204325,13.744010118653245,116.4122223149413
797,3.8501470674385057,12.055475297158644,118.72643332494567
798,3.8481300915466914,14.268053278601375,116.1766204468529
799,3.847197762681794,15.394756444128015,118.82184869155991
800,3.8457316912692514,15.407456174058549,120.77490925243552
801,3.844254748744105,14.900624586423454,123.9308941329173
802,3.8433090783277,16.673729037196534,122.69266762452239
803,3.8423259576128155,15.863392130643089,119.98580951946742
804,3.8413985088404883,16.093821666861466,124.85068266466983
805,3.840543510255272,16.07396658067504,120.67142391727339
806,3.8397624223981124,17.913889710858086,120.49933796307945
807,3.8389971422570643,15.059655700624484,117.44136450634251
808,3.8382484132904495,14.722193132709133,118.07227270310801
809,3.837586102592463,15.44347411981399,124.86320671284986
810,3.836785329820192,14.501246437767643,118.39888026840394
811,3.836042480185933,15.520382957664212,124.51241468631015
812,3.8272442081789126,16.24010661656272,116.61471510608659
813,3.826671187273404,15.226365754100618,124.87337927227398
814,3.8263000207205766,14.389294958597826,122.38205288512826
815,3.825814491807312,14.847442508502088,119.57868337835781
816,3.8253305653660976,14.107471066018764,121.99542884274487
817,3.824963546232452,13.59657230019036,121.35845703274148
818,3.8245050754536645,13.521379790980397,126.07385705444459
819,3.824053962515976,14.707779184671006,125.6224789256511
820,3.8236359775756004,15.286879836790188,125.59772872662779
821,3.823325598514435,16.346551556711642,120.19007872966202
822,3.8229523990090915,15.315017164690248,119.11860052175825
823,3.794862288298987,14.845422036086063,115.44490772047638
824,3.794537688735251,16.125085451563177,117.39474277447661
825,3.794251658438855,15.170592952883379,115.024705824096
826,3.79395741794544,17.566683282089524,123.3220939208316
827,3.793714148280101,15.542763533107264,115.04649347375577
828,3.7934787989998706,15.418772458617418,113.83398571529372
829,3.7932641787776094,14.116508571275302,111.92116265248721
830,3.7928390540860493,14.275279826165011,116.12715754191055
831,3.792559356307616,13.575304433292827,114.4151385108988
832,3.792324781151953,15.870409427970218,115.21530272060168
833,3.7921513618457463,16.51881642133275,111.77844752148377
834,3.792001212352372,14.840962120489605,109.53050072448148
835,3.758935380904385,15.514425687499584,111.66582756241286
836,3.7587109622664183,14.930396720987952,114.28105891884668
837,3.7584230184593563,15.405049615575795,113.06776128044386
838,3.7581309777746004,14.53015027100347,111.95865225333256
839,3.757775398305124,16.191455238523044,122.68997857252322
840,3.7575630926034713,15.749494217058754,117.2463471045316
841,3.7571731262146755,15.048402732897559,122.34726919395065
842,3.7567804133778746,16.49955659402978,119.82762542982222
843,3.7561169272108166,15.702267357318236,126.17557974257475
844,3.755591910432768,13.717083536445072,113.11056272284553
845,3.7548589552651017,15.405735880540583,125.67970345394536
846,3.7541548989396176,14.980634777988504,119.16463478821923
847,3.75353518799628,15.523032389806806,118.17681436508505
848,3.752955502324016,14.445696345558742,115.88784974985165
849,3.7524733599547955,13.418805750492687,117.29216041974853
850,3.7520671798211906,15.650775630449187,118.49505396485931
851,3.751704842152613,16.186801490525568,121.92229997322691
852,3.7513971062790374,13.98851038428962,114.53221810242503
853,3.7511212698517835,13.692103717882864,120.78193255305928
854,3.7509215344354687,14.49349052685646,114.45688306526858
855,3.7507738568907607,14.931216564845426,119.26421185132767
856,3.7505826923168284,14.867327704906993,117.2714989342735
857,3.7503125039039586,15.17824958982728,117.57816292144221
858,3.750082404361527,16.11261061767142,118.56160047076797
859,3.7499047667241077,14.818622244309665,119.90974355196239
860,3.7497510837760717,14.070344513720299,116.9444114779526
861,3.749666436283106,13.562357857250573,121.50471365741764
862,3.721571977360738,15.267422717530671,120.60822988061611
863,3.717259058190994,16.4028185400975,118.17251385161761
864,3.7162692587309882,14.533175197420737,116.23370678523544
865,3.7159448848496774,16.039511966663895,121.55896240031896
866,3.7158029053262465,15.327152241040674,119.55844207859849
867,3.715499176586467,15.861396029111262,116.58753522430622
868,3.715254127279196,16.04642275077159,113.54466721508177
869,3.7150757204408698,15.100482810146408,115.93427929860576
870,3.7149968537743745,15.332242558668025,106.18394641567737
871,3.7149336141314793,13.938756137978029,109.43778830466195
872,3.7148992240545815,14.11094066285332,121.35492980492599
873,3.7148438157075634,14.300451775307907,118.17574813282339
874,3.7148419594499256,15.435360464585118,115.47919918828437
875,3.7147909974429933,15.144349608890867,115.45199895184355
876,3.660597392379097,14.74723628251524,112.87648569850862
877,3.6605351664317016,14.271987880395072,118.95661745567756
878,3.6604985892086415,15.603053235831164,112.83023821386878
879,3.6604837159893084,12.974562382669939,116.92986267113591
880,3.6604621726251634,15.204738970870336,121.06369615929984
881,3.660461392461184,14.870671985184215,111.76900860434849
882,3.660454818119905,14.618929062524398,109.78426642428563
883,3.6604547621321237,15.354687410154092,117.38538939689242
884,3.660453491297996,14.428001257492946,108.63455234508639
885,3.660453491297996,14.912992185931518,114.14905672679089
886,3.6604529626081566,14.48392064848255,111.1916398737065
887,3.6604529626081566,15.720577540065475,119.57799342222569
888,3.6604484049062838,14.303363442069951,107.54345813601063
889,3.6604484049062838,15.57281230942004,118.27811779133826
890,3.6604484049062838,15.008771987079761,113.56282721743008
891,3.6604484049062838,15.35175510363487,112.50226972973225
892,3.6604484049062838,15.489220442599109,114.96077648401632
893,3.6604484049062838,14.46574701336596,115.51833000948227
894,3.6604483204002736,13.985879668995391,113.56842819641282
895,3.6604483204002736,16.21544320469106,112.25572941956918
896,3.6530528797688038,15.300748484995426,115.64126453324124
897,3.6530528797688038,14.972240939000134,112.99115977277945
898,3.6530528797688038,16.08439709666637,116.87809047082177
899,3.6530528797688038,16.818428711715786,121.97338524890175
900,3.6530528797688038,17.1612958336326,117.23204374558672
901,3.6530528797688038,17.230741450550806,115.91991995081055
902,3.6306031876787235,18.453297674373115,122.03267263640552
903,3.630601562158779,15.427745294381019,119.96307826383159
904,3.6306012124022504,16.13829101812651,118.1116858759137
905,3.6306012124022504,16.10438303595727,119.33024504973625
906,3.6306012124022504,16.588819075815636,121.46069592646316
907,3.6306012124022504,16.020471396966627,115.58334569028554
908,3.6306012124022504,16.01067396478185,120.25949299329645
909,3.626393209764002,14.370474255556909,111.25387544412169
910,3.626393209764002,14.795231596931243,114.42491351037529
911,3.6262739102346453,14.397796294087449,112.31579332050052
912,3.626235222049876,15.740572823655866,118.29216981461043
913,3.6261990466999956,15.411423730432107,115.11550168426014
914,3.625091193297942,16.74754804739969,118.25215785866746
915,3.62440250849193,15.120321842032363,117.62387475004456
916,3.62440250849193,15.42177942713311,114.68381430711175
917,3.624099492153698,14.857980131149109,122.50125256403727
918,3.6240379682295925,16.018668393546875,114.75136651537535
919,3.6240173668537627,16.412434475626462,120.73930481123111
920,3.6240045740321336,16.444978889409438,121.58573155097528
921,3.623834652078271,15.542970610937179,114.4212292925969
922,3.6237121503046144,15.846813445929333,122.28835804930121
923,3.6234898261522193,14.115771385508491,118.2518448401508
924,3.623266536254666,15.332810584530197,121.46744263029699
925,3.623152223634192,13.63109430138791,119.9060156441889
926,3.6231457174876454,13.942721545240259,112.33464172127228
927,3.623108131783142,12.7800045149842,108.63161779249246
928,3.6230964523869127,14.904937565422525,110.63137565729717
929,3.6230856015460953,13.927847034165843,110.6153050798625
930,3.623081996028235,14.730942752707909,115.58789568224373
931,3.6230808938025962,14.75586249136152,108.9931822085487
932,3.6230740696956776,15.490208630426622,111.95689620392452
933,3.6230732769056613,14.691102891614621,110.38709330004393
934,3.6230732769056613,15.508272377560523,112.65589067781626
935,3.6230731418214854,14.46682242740625,117.4627199331243
936,3.6230731418214854,15.209660015525053,116.02052328377593
937,3.6230731418214854,13.20920053268164,109.40590667809215
938,3.6083656280166307,13.281554809504762,109.93691197670155
939,3.608364558296692,15.878966295318657,118.22899968436433
940,3.608364558296692,16.118908081147914,115.05471678154844
941,3.5853325812188057,14.475648887457309,116.18394648643161
942,3.5853295296394294,14.838163635109716,112.69525074730845
943,3.5852030004168807,14.573092709574338,110.39382844334764
944,3.583971552477079,14.152521686187198,118.89609391744226
945,3.5825672997180686,12.953894675305161,109.91552137370874
946,3.5821795935970973,13.188682949755485,111.55653419304905
947,3.5800939592413235,14.820725898135901,116.64519354349345
948,3.5544139981742187,15.460689712725939,116.12921047326667
949,3.554411234698796,13.049196533662377,110.52636602701408
950,3.551279725297683,16.491289873477378,115.8984294128866
951,3.551120152214829,15.400987418178925,115.36285206206061
952,3.550927513764241,14.477486671675091,115.08731905044912
953,3.550818666643043,15.685928358540014,116.62672548884596
954,3.549522200566117,15.64114123887063,114.56884201108258
955,3.549522200566117,15.553488177012612,112.78570940195635
956,3.549511571489333,14.503833159440468,112.91441950939405
957,3.549511368866369,14.95288648207833,108.79434521521134
958,3.549452692636558,15.023058446443294,115.3092595521255
959,3.549280508749762,15.06229501795662,117.18432856238103
960,3.5492538723903464,15.071098700950575,113.12654425796536
961,3.5490574787661133,15.07174295886919,111.68511560128566
962,3.5169885820170776,14.92156048700146,106.52986777671008
963,3.5160491159963594,15.516057941672361,113.14180005507288
964,3.516019792944787,15.662901302291106,110.1580592045016
965,3.5158516476366874,14.967869939954827,112.11572481502331
966,3.5158144183649425,15.5898808658459,112.83524033469531
967,3.5157533947242143,15.677745396642072,109.04151172562325
968,3.515682365651558,15.32035345161111,113.74319283117887
969,3.5156310230107484,17.047902312377936,111.49354077252987
970,3.5156059646014017,15.159541283582412,117.05351354683293
971,3.515600482019258,15.006233351627573,119.73447482344082
972,3.515599843225241,14.699204407606915,110.2550753850205
973,3.5155898327036907,16.672847352954733,121.5595654896295
974,3.5155872467782205,14.775647518834715,112.13742399030643
975,3.5155872467782205,12.838244582623275,109.23282669039358
976,3.5155872467782205,14.652670068699202,110.60559799102832
977,3.515585407076361,14.849431928547348,110.46458131131772
978,3.5155826650308217,13.965219166422097,108.34782496702708
979,3.5155826650308217,13.58486136683648,110.0814516605533
980,3.5155826650308217,15.453983461258506,112.41035158140292
981,3.5155826650308217,14.674197425826243,112.18014612623261
982,3.5155826650308217,13.29214960025345,109.44572315978805
983,3.5155822868636744,14.08771093639032,118.16961250103292
984,3.5155822868636744,14.16827661336352,108.51891350900601
985,3.5155822868636744,16.42131068145751,112.69308117923553
986,3.5155822868636744,15.1105651642223,109.20415919612365
987,3.5155822868636744,15.992637501378704,113.78944047312127
988,3.5155816718653257,15.032171711106454,111.4814790305264
989,3.5155816718653257,14.738856233474689,112.31909584866217
990,3.5155816718653257,14.150774397279445,113.9763976341355
991,3.5155816718653257,15.228490776380902,115.20268689370027
992,3.5155816718653257,13.677447222081195,114.23790936942383
993,3.5155816718653257,15.896752312607557,118.61371274680968
994,3.5155815554234278,14.339267361181506,116.11260575947516
995,3.515580446355862,14.780524018753109,113.5064839187418
996,3.515580446355862,14.224617690679766,111.26812861468414
997,3.515580446355862,12.194877655287218,111.14655723070707
998,3.515580446355862,15.125048293367254,109.36667657592824
999,3.515580446355862,13.4015366504618,111.58394343583117
1000,3.515580446355862,11.827468028830847,111.08362999096467
